Customer_ID,Purchase_Amount,Delivery_Time,Rating,Product_Category
CUST1000,4787.36,4,4,Books
CUST1001,2988.93,1,5,Books
CUST1002,2764.57,1,5,Electronics
CUST1003,2764.6,1,4,Books
CUST1004,9299.43,7,4,Clothing
CUST1005,5733.41,5,1,Books
CUST1006,2262.16,5,4,Books
CUST1007,4939.63,8,2,Books
CUST1008,3997.92,3,3,Home & Kitchen
CUST1009,431.83,5,2,Home & Kitchen
CUST1010,1342.48,3,4,Home & Kitchen
CUST1011,4212.33,5,5,Books
CUST1012,8730.35,1,2,Clothing
CUST1013,2783.7,7,5,Books
CUST1014,2116.05,2,2,Electronics
CUST1015,3628.02,4,5,Clothing
CUST1016,2010.57,6,2,Home & Kitchen
CUST1017,2635.48,7,5,Beauty
CUST1018,3298.6,9,3,Clothing
CUST1019,1280.27,4,1,Home & Kitchen
CUST1020,5940.12,1,2,Clothing
CUST1021,1070.36,4,3,Clothing
CUST1022,945.59,6,1,Books
CUST1023,3867.9,3,2,Electronics
CUST1024,5626.71,4,3,Beauty
CUST1025,3795.67,2,3,Home & Kitchen
CUST1026,3043.56,6,3,Clothing
CUST1027,2614.76,8,4,Beauty
CUST1028,2279.82,7,5,Clothing
CUST1029,6875.6,2,1,Electronics
CUST1030,4242.09,6,5,Beauty
CUST1031,2434.64,9,5,Home & Kitchen
CUST1032,1873.21,3,5,Clothing
CUST1033,5175.24,8,3,Electronics
CUST1034,6766.88,7,5,Beauty
CUST1035,6362.42,6,4,Clothing
CUST1036,1602.09,10,2,Clothing
CUST1037,2597.0,5,3,Home & Kitchen
CUST1038,2242.87,5,1,Electronics
CUST1039,2876.58,5,2,Books
CUST1040,5902.18,5,2,Clothing
CUST1041,8204.52,4,2,Beauty
CUST1042,4356.97,10,5,Home & Kitchen
CUST1043,1929.69,3,5,Home & Kitchen
CUST1044,3241.68,2,3,Clothing
CUST1045,9225.08,6,5,Clothing
CUST1046,3563.18,4,5,Clothing
CUST1047,2619.37,4,5,Books
CUST1048,2797.71,8,3,Clothing
CUST1049,4343.03,5,3,Electronics
CUST1050,1651.26,4,4,Beauty
CUST1051,2198.39,7,4,Clothing
CUST1052,6299.54,4,4,Books
CUST1053,4256.26,2,4,Beauty
CUST1054,3590.32,2,2,Home & Kitchen
CUST1055,6512.03,3,2,Clothing
CUST1056,1829.37,3,4,Beauty
CUST1057,2556.87,8,4,Home & Kitchen
CUST1058,4157.86,6,1,Books
CUST1059,4053.83,0,2,Electronics
CUST1060,851.69,8,1,Clothing
CUST1061,2360.92,5,1,Electronics
CUST1062,2934.0,4,5,Books
CUST1063,4489.21,5,3,Beauty
CUST1064,4043.53,7,2,Beauty
CUST1065,3144.79,6,4,Books
CUST1066,428.21,3,4,Books
CUST1067,3265.34,4,3,Clothing
CUST1068,3491.28,2,2,Home & Kitchen
CUST1069,14596.0,4,4,Electronics
CUST1070,2860.92,1,4,Electronics
CUST1071,4174.12,9,5,Beauty
CUST1072,7240.43,3,1,Beauty
CUST1073,5676.15,1,4,Clothing
CUST1074,8425.61,5,2,Books
CUST1075,865.82,4,3,Electronics
CUST1076,1374.12,6,5,Clothing
CUST1077,2074.53,5,2,Beauty
CUST1078,718.63,8,5,Beauty
CUST1079,3513.51,5,1,Electronics
CUST1080,1478.36,7,4,Beauty
CUST1081,9150.42,4,2,Beauty
CUST1082,1692.4,1,3,Home & Kitchen
CUST1083,2569.01,5,1,Books
CUST1084,5905.92,4,1,Beauty
CUST1085,1058.28,3,5,Home & Kitchen
CUST1086,667.17,2,1,Clothing
CUST1087,3833.14,12,2,Beauty
CUST1088,4050.38,5,5,Clothing
CUST1089,5786.91,10,1,Beauty
CUST1090,4870.75,6,3,Electronics
CUST1091,4160.45,1,2,Home & Kitchen
CUST1092,1867.76,6,3,Home & Kitchen
CUST1093,3969.69,2,3,Electronics
CUST1094,4148.75,4,5,Books
CUST1095,1808.17,5,4,Home & Kitchen
CUST1096,10844.15,8,5,Clothing
CUST1097,4712.55,4,2,Home & Kitchen
CUST1098,1396.92,2,2,Books
CUST1099,5806.56,1,5,Clothing
CUST1100,6490.79,8,4,Clothing
CUST1101,4516.76,8,5,Electronics
CUST1102,2739.04,4,2,Beauty
CUST1103,1741.37,1,4,Electronics
CUST1104,3138.19,9,2,Beauty
CUST1105,4294.05,4,4,Electronics
CUST1106,3367.02,2,4,Beauty
CUST1107,8671.05,4,5,Home & Kitchen
CUST1108,5223.83,3,5,Clothing
CUST1109,1573.84,8,5,Beauty
CUST1110,1262.38,9,4,Home & Kitchen
CUST1111,4740.7,4,4,Books
CUST1112,2789.01,4,2,Electronics
CUST1113,5537.62,5,3,Books
CUST1114,4710.61,11,5,Home & Kitchen
CUST1115,3148.8,8,2,Books
CUST1116,1590.12,6,2,Books
CUST1117,752.4,2,1,Home & Kitchen
CUST1118,3917.24,8,5,Clothing
CUST1119,1040.5,7,2,Beauty
CUST1120,1532.41,6,1,Electronics
CUST1121,3746.21,5,5,Beauty
CUST1122,3485.9,3,4,Electronics
CUST1123,1167.44,5,1,Beauty
CUST1124,6984.65,3,4,Books
CUST1125,6861.72,3,3,Clothing
CUST1126,4847.83,7,3,Books
CUST1127,4843.69,4,3,Clothing
CUST1128,4847.87,4,3,Home & Kitchen
CUST1129,6453.12,6,2,Electronics
CUST1130,5313.95,6,3,Electronics
CUST1131,1709.6,3,2,Home & Kitchen
CUST1132,2758.5,4,2,Beauty
CUST1133,13593.06,6,5,Home & Kitchen
CUST1134,462.97,6,2,Home & Kitchen
CUST1135,2257.26,6,2,Clothing
CUST1136,7009.63,6,3,Home & Kitchen
CUST1137,1806.53,3,2,Electronics
CUST1138,5413.96,5,4,Books
CUST1139,3452.39,2,3,Clothing
CUST1140,1918.09,5,1,Clothing
CUST1141,362.02,3,3,Beauty
CUST1142,3838.31,3,2,Books
CUST1143,1677.22,5,4,Clothing
CUST1144,3045.77,11,3,Home & Kitchen
CUST1145,4814.6,7,4,Clothing
CUST1146,6105.62,7,1,Clothing
CUST1147,2251.26,4,1,Clothing
CUST1148,1915.0,1,5,Beauty
CUST1149,1022.61,4,5,Clothing
CUST1150,6309.26,5,3,Clothing
CUST1151,12363.45,4,5,Beauty
CUST1152,6772.95,4,4,Books
CUST1153,7791.2,7,5,Electronics
CUST1154,1819.67,6,4,Beauty
CUST1155,4615.6,8,5,Beauty
CUST1156,5760.14,4,5,Clothing
CUST1157,1326.28,3,5,Clothing
CUST1158,9574.3,0,2,Electronics
CUST1159,836.43,4,2,Clothing
CUST1160,8611.31,1,5,Home & Kitchen
CUST1161,830.56,4,4,Clothing
CUST1162,1387.08,3,3,Clothing
CUST1163,4674.5,5,1,Home & Kitchen
CUST1164,3516.83,6,2,Electronics
CUST1165,2434.15,6,5,Home & Kitchen
CUST1166,9334.29,4,1,Beauty
CUST1167,1049.95,4,2,Home & Kitchen
CUST1168,2956.58,5,3,Books
CUST1169,5094.79,1,4,Beauty
CUST1170,4112.76,9,5,Clothing
CUST1171,1970.18,7,3,Beauty
CUST1172,2031.42,5,2,Electronics
CUST1173,6043.4,4,5,Electronics
CUST1174,6237.38,5,1,Home & Kitchen
CUST1175,4191.4,4,4,Beauty
CUST1176,1618.34,1,2,Clothing
CUST1177,2086.07,3,4,Electronics
CUST1178,3279.66,7,5,Clothing
CUST1179,3645.54,6,3,Books
CUST1180,4954.87,10,4,Electronics
CUST1181,2838.05,4,1,Home & Kitchen
CUST1182,5951.02,5,2,Books
CUST1183,5905.9,6,1,Beauty
CUST1184,7967.91,6,4,Clothing
CUST1185,3387.86,8,3,Electronics
CUST1186,4242.34,4,3,Books
CUST1187,3008.47,3,1,Books
CUST1188,1635.59,3,5,Electronics
CUST1189,12180.19,9,5,Beauty
CUST1190,7306.83,7,3,Beauty
CUST1191,5823.69,2,1,Home & Kitchen
CUST1192,3301.81,2,1,Beauty
CUST1193,1511.9,4,1,Home & Kitchen
CUST1194,6538.19,6,4,Books
CUST1195,2967.87,9,5,Electronics
CUST1196,4517.23,11,5,Beauty
CUST1197,2079.38,4,4,Home & Kitchen
CUST1198,4006.68,7,2,Books
CUST1199,2188.26,7,4,Beauty
CUST1200,2259.04,3,1,Clothing
CUST1201,3969.1,7,4,Books
CUST1202,818.13,5,1,Beauty
CUST1203,859.94,2,3,Books
CUST1204,1801.15,9,1,Electronics
CUST1205,2812.03,6,5,Electronics
CUST1206,6074.39,3,4,Electronics
CUST1207,2937.19,6,1,Clothing
CUST1208,3285.76,3,2,Electronics
CUST1209,2642.19,2,3,Clothing
CUST1210,4237.95,8,2,Electronics
CUST1211,1621.16,4,2,Books
CUST1212,3060.33,5,2,Beauty
CUST1213,4481.85,4,3,Beauty
CUST1214,3946.06,3,3,Electronics
CUST1215,3365.95,4,3,Beauty
CUST1216,3397.02,3,3,Electronics
CUST1217,4791.58,11,2,Electronics
CUST1218,12556.4,6,5,Home & Kitchen
CUST1219,1718.67,5,5,Home & Kitchen
CUST1220,12786.7,5,3,Home & Kitchen
CUST1221,1651.58,5,4,Clothing
CUST1222,307.03,3,1,Home & Kitchen
CUST1223,2151.78,6,4,Electronics
CUST1224,4295.9,4,4,Books
CUST1225,10903.19,5,4,Home & Kitchen
CUST1226,1510.13,3,5,Home & Kitchen
CUST1227,4771.62,7,1,Books
CUST1228,954.48,3,4,Electronics
CUST1229,10650.78,6,3,Clothing
CUST1230,7400.16,7,5,Home & Kitchen
CUST1231,2262.75,1,3,Books
CUST1232,8193.39,6,3,Electronics
CUST1233,3046.25,4,4,Beauty
CUST1234,7659.64,2,3,Clothing
CUST1235,3346.89,2,1,Books
CUST1236,3456.11,5,3,Books
CUST1237,2301.08,5,4,Books
CUST1238,5214.02,3,3,Home & Kitchen
CUST1239,3653.68,5,5,Beauty
CUST1240,4845.85,11,5,Clothing
CUST1241,734.11,2,5,Electronics
CUST1242,7840.26,6,2,Electronics
CUST1243,9156.58,5,5,Beauty
CUST1244,3641.01,3,5,Books
CUST1245,11987.41,4,2,Books
CUST1246,10230.08,10,5,Books
CUST1247,5292.78,1,4,Books
CUST1248,8262.99,8,5,Books
CUST1249,6881.05,3,5,Beauty
CUST1250,542.26,5,2,Home & Kitchen
CUST1251,2684.99,4,4,Clothing
CUST1252,5550.46,11,3,Books
CUST1253,9554.51,3,1,Home & Kitchen
CUST1254,888.89,4,4,Electronics
CUST1255,585.98,3,3,Beauty
CUST1256,3191.96,3,4,Home & Kitchen
CUST1257,337.73,8,3,Books
CUST1258,3108.48,1,3,Books
CUST1259,4372.31,5,4,Books
CUST1260,1447.85,7,2,Home & Kitchen
CUST1261,3174.1,3,4,Books
CUST1262,6457.7,7,4,Home & Kitchen
CUST1263,2143.11,5,3,Books
CUST1264,1676.64,7,1,Electronics
CUST1265,3064.55,5,3,Electronics
CUST1266,1311.17,7,5,Clothing
CUST1267,11414.82,5,4,Books
CUST1268,3425.21,4,4,Books
CUST1269,1833.4,5,2,Home & Kitchen
CUST1270,3916.91,11,3,Home & Kitchen
CUST1271,3051.63,7,2,Books
CUST1272,2794.72,6,4,Clothing
CUST1273,2142.64,3,3,Books
CUST1274,2056.67,0,3,Home & Kitchen
CUST1275,752.07,10,5,Books
CUST1276,8254.68,5,5,Home & Kitchen
CUST1277,5054.61,5,1,Books
CUST1278,4203.29,3,5,Beauty
CUST1279,3013.84,4,3,Home & Kitchen
CUST1280,1424.78,2,5,Clothing
CUST1281,1737.0,2,1,Beauty
CUST1282,844.56,7,4,Books
CUST1283,1927.08,3,5,Home & Kitchen
CUST1284,1248.03,1,3,Beauty
CUST1285,9862.69,3,4,Clothing
CUST1286,6167.23,7,3,Home & Kitchen
CUST1287,3537.11,5,4,Beauty
CUST1288,1567.39,5,3,Beauty
CUST1289,1308.4,4,5,Beauty
CUST1290,2865.64,5,5,Electronics
CUST1291,6342.17,5,1,Books
CUST1292,869.28,3,4,Home & Kitchen
CUST1293,5008.44,3,1,Home & Kitchen
CUST1294,1919.8,6,2,Home & Kitchen
CUST1295,2227.14,6,5,Beauty
CUST1296,3460.19,4,4,Books
CUST1297,1615.23,9,1,Clothing
CUST1298,2753.65,6,1,Home & Kitchen
CUST1299,1496.24,5,2,Books
CUST1300,2054.88,5,1,Books
CUST1301,5688.89,4,3,Electronics
CUST1302,3596.44,10,5,Home & Kitchen
CUST1303,5674.14,6,1,Beauty
CUST1304,1898.47,2,1,Books
CUST1305,5034.33,4,2,Books
CUST1306,649.6,3,3,Clothing
CUST1307,3459.04,2,1,Electronics
CUST1308,5268.98,5,5,Books
CUST1309,620.56,6,5,Books
CUST1310,1917.67,5,1,Beauty
CUST1311,3457.22,10,3,Beauty
CUST1312,6665.12,5,5,Clothing
CUST1313,2054.66,5,5,Clothing
CUST1314,4896.94,4,3,Clothing
CUST1315,8612.75,4,3,Beauty
CUST1316,5056.36,3,1,Beauty
CUST1317,2836.08,6,4,Electronics
CUST1318,4386.39,4,2,Home & Kitchen
CUST1319,2004.41,2,4,Home & Kitchen
CUST1320,3561.94,9,4,Electronics
CUST1321,2947.32,5,5,Home & Kitchen
CUST1322,4283.21,9,3,Beauty
CUST1323,2378.96,5,5,Home & Kitchen
CUST1324,4459.05,5,2,Beauty
CUST1325,2360.23,1,1,Electronics
CUST1326,6126.4,5,2,Clothing
CUST1327,2560.42,8,5,Electronics
CUST1328,354.45,6,5,Home & Kitchen
CUST1329,1349.18,2,5,Beauty
CUST1330,3381.12,5,5,Home & Kitchen
CUST1331,9805.84,5,4,Home & Kitchen
CUST1332,5966.2,4,1,Clothing
CUST1333,263.34,6,4,Home & Kitchen
CUST1334,787.64,5,5,Clothing
CUST1335,7244.46,6,3,Beauty
CUST1336,5248.65,5,4,Beauty
CUST1337,13305.37,4,5,Clothing
CUST1338,2282.38,7,5,Electronics
CUST1339,1585.32,5,1,Beauty
CUST1340,3521.55,7,2,Electronics
CUST1341,2245.88,6,4,Beauty
CUST1342,6793.99,4,4,Beauty
CUST1343,2182.28,8,4,Books
CUST1344,2683.95,4,5,Home & Kitchen
CUST1345,1391.03,3,1,Home & Kitchen
CUST1346,5694.78,5,5,Electronics
CUST1347,1474.24,10,5,Home & Kitchen
CUST1348,4518.82,6,3,Electronics
CUST1349,10906.75,4,1,Beauty
CUST1350,527.03,3,4,Books
CUST1351,8880.32,3,2,Books
CUST1352,4109.72,5,4,Beauty
CUST1353,1190.01,2,5,Clothing
CUST1354,3623.84,6,1,Clothing
CUST1355,5580.35,2,1,Home & Kitchen
CUST1356,1680.56,5,1,Electronics
CUST1357,4704.86,2,3,Books
CUST1358,9371.11,6,4,Home & Kitchen
CUST1359,2179.94,3,3,Beauty
CUST1360,1375.46,5,2,Books
CUST1361,3018.99,2,5,Electronics
CUST1362,3479.29,6,3,Electronics
CUST1363,7031.86,6,3,Clothing
CUST1364,2941.78,7,5,Home & Kitchen
CUST1365,2348.15,6,1,Beauty
CUST1366,1343.51,6,5,Books
CUST1367,626.18,4,4,Electronics
CUST1368,988.84,4,5,Books
CUST1369,982.97,7,1,Beauty
CUST1370,2706.99,5,5,Books
CUST1371,763.66,5,3,Home & Kitchen
CUST1372,3195.1,8,2,Clothing
CUST1373,10749.09,4,3,Books
CUST1374,7170.25,2,2,Clothing
CUST1375,2686.15,3,5,Beauty
CUST1376,15370.29,4,4,Clothing
CUST1377,3488.58,6,5,Books
CUST1378,3871.39,9,1,Books
CUST1379,2974.32,3,5,Electronics
CUST1380,3249.48,5,2,Books
CUST1381,2117.88,3,3,Clothing
CUST1382,2717.38,2,4,Electronics
CUST1383,8919.82,4,5,Books
CUST1384,7696.88,9,5,Books
CUST1385,334.4,4,3,Beauty
CUST1386,859.89,5,4,Electronics
CUST1387,1701.35,8,5,Beauty
CUST1388,6379.91,8,5,Beauty
CUST1389,7812.34,5,2,Beauty
CUST1390,5565.46,3,2,Home & Kitchen
CUST1391,1185.39,9,1,Beauty
CUST1392,2154.16,2,3,Clothing
CUST1393,4763.28,8,4,Books
CUST1394,2750.52,7,5,Home & Kitchen
CUST1395,2456.19,6,5,Beauty
CUST1396,2485.49,9,1,Books
CUST1397,7312.15,3,5,Electronics
CUST1398,5111.2,6,3,Electronics
CUST1399,2596.27,7,1,Books
CUST1400,4248.3,7,3,Clothing
CUST1401,1034.13,5,1,Books
CUST1402,2157.63,5,5,Books
CUST1403,6841.71,1,1,Home & Kitchen
CUST1404,713.11,7,2,Electronics
CUST1405,5155.65,4,4,Electronics
CUST1406,329.66,7,5,Beauty
CUST1407,9912.34,5,4,Books
CUST1408,2115.03,5,5,Books
CUST1409,4473.75,3,4,Clothing
CUST1410,3637.05,5,2,Electronics
CUST1411,3736.67,5,4,Clothing
CUST1412,4192.91,4,1,Home & Kitchen
CUST1413,580.5,3,4,Beauty
CUST1414,3794.26,3,5,Clothing
CUST1415,2880.5,5,3,Electronics
CUST1416,2124.88,10,4,Home & Kitchen
CUST1417,1700.55,2,4,Books
CUST1418,3865.0,5,4,Home & Kitchen
CUST1419,1391.59,3,5,Clothing
CUST1420,6759.25,4,4,Electronics
CUST1421,4708.53,6,5,Clothing
CUST1422,4039.06,3,5,Books
CUST1423,6568.87,4,3,Books
CUST1424,481.49,4,1,Electronics
CUST1425,1000.81,5,5,Beauty
CUST1426,4856.53,8,2,Home & Kitchen
CUST1427,1788.67,5,4,Home & Kitchen
CUST1428,1990.58,6,2,Books
CUST1429,860.78,3,4,Clothing
CUST1430,1395.2,4,3,Clothing
CUST1431,6861.05,5,5,Beauty
CUST1432,4776.2,6,1,Clothing
CUST1433,3833.72,7,5,Home & Kitchen
CUST1434,2057.0,5,4,Clothing
CUST1435,3658.39,2,1,Beauty
CUST1436,7268.4,6,5,Home & Kitchen
CUST1437,1827.43,4,1,Clothing
CUST1438,3243.81,2,4,Home & Kitchen
CUST1439,10314.61,4,3,Books
CUST1440,5515.02,2,3,Books
CUST1441,2081.75,3,5,Books
CUST1442,5210.4,4,2,Clothing
CUST1443,700.63,7,4,Beauty
CUST1444,3144.82,5,5,Home & Kitchen
CUST1445,5206.44,5,5,Electronics
CUST1446,4414.52,7,3,Books
CUST1447,5171.46,9,1,Books
CUST1448,5983.4,7,4,Electronics
CUST1449,4665.05,6,1,Electronics
CUST1450,4570.2,6,4,Clothing
CUST1451,3898.85,9,2,Home & Kitchen
CUST1452,1248.69,2,3,Books
CUST1453,6859.0,3,2,Beauty
CUST1454,3232.24,9,5,Clothing
CUST1455,5420.75,3,3,Clothing
CUST1456,6390.29,8,5,Beauty
CUST1457,2170.56,5,2,Beauty
CUST1458,2332.62,4,4,Beauty
CUST1459,2597.08,9,5,Electronics
CUST1460,7740.58,2,1,Books
CUST1461,1515.93,5,4,Electronics
CUST1462,8639.08,10,4,Books
CUST1463,3867.03,5,2,Electronics
CUST1464,4071.49,4,2,Home & Kitchen
CUST1465,6198.38,7,3,Books
CUST1466,3550.34,3,3,Clothing
CUST1467,6910.63,6,1,Books
CUST1468,2168.15,3,4,Books
CUST1469,8457.04,3,1,Books
CUST1470,2310.29,4,1,Home & Kitchen
CUST1471,8670.32,1,2,Electronics
CUST1472,2361.86,2,1,Clothing
CUST1473,2657.42,4,1,Electronics
CUST1474,1354.76,5,5,Electronics
CUST1475,1717.93,8,3,Beauty
CUST1476,3244.58,7,3,Home & Kitchen
CUST1477,3975.38,7,4,Beauty
CUST1478,6575.49,2,3,Home & Kitchen
CUST1479,2810.78,6,4,Electronics
CUST1480,4421.41,8,5,Electronics
CUST1481,3781.85,6,3,Home & Kitchen
CUST1482,4773.36,4,5,Electronics
CUST1483,1942.95,4,3,Electronics
CUST1484,2141.69,4,3,Clothing
CUST1485,1943.59,1,5,Beauty
CUST1486,7442.32,6,1,Beauty
CUST1487,8510.74,8,1,Beauty
CUST1488,2066.17,7,1,Books
CUST1489,2101.14,7,1,Clothing
CUST1490,5249.17,6,3,Beauty
CUST1491,9138.13,6,2,Beauty
CUST1492,10452.72,4,5,Clothing
CUST1493,1988.26,3,2,Electronics
CUST1494,2429.16,6,2,Beauty
CUST1495,4127.25,3,4,Electronics
CUST1496,4273.62,10,1,Beauty
CUST1497,2897.01,5,3,Home & Kitchen
CUST1498,1667.8,6,1,Books
CUST1499,3248.53,6,1,Beauty
CUST1500,10445.42,4,2,Home & Kitchen
CUST1501,2167.52,6,4,Clothing
CUST1502,3945.18,5,1,Home & Kitchen
CUST1503,15040.58,3,5,Clothing
CUST1504,2141.93,2,5,Beauty
CUST1505,5422.15,3,1,Clothing
CUST1506,10736.42,2,2,Home & Kitchen
CUST1507,5102.8,8,2,Books
CUST1508,7093.67,7,3,Electronics
CUST1509,5932.3,4,4,Electronics
CUST1510,4822.15,3,2,Books
CUST1511,8327.13,3,3,Electronics
CUST1512,5304.51,6,5,Beauty
CUST1513,2920.19,5,5,Beauty
CUST1514,3726.68,1,5,Home & Kitchen
CUST1515,4378.73,8,1,Home & Kitchen
CUST1516,2417.39,9,4,Clothing
CUST1517,3851.5,4,3,Home & Kitchen
CUST1518,3454.68,7,4,Beauty
CUST1519,5293.16,3,1,Home & Kitchen
CUST1520,12619.46,7,3,Electronics
CUST1521,4019.59,5,3,Clothing
CUST1522,9290.43,6,2,Clothing
CUST1523,5162.16,8,4,Beauty
CUST1524,3838.74,2,4,Home & Kitchen
CUST1525,2308.41,4,2,Electronics
CUST1526,3860.01,9,5,Home & Kitchen
CUST1527,3688.58,4,1,Books
CUST1528,1832.72,4,4,Home & Kitchen
CUST1529,2088.45,3,2,Beauty
CUST1530,4405.23,4,3,Home & Kitchen
CUST1531,9229.56,4,2,Clothing
CUST1532,3166.43,6,5,Electronics
CUST1533,818.2,7,1,Beauty
CUST1534,1330.69,3,5,Books
CUST1535,5517.21,6,3,Electronics
CUST1536,999.97,8,3,Electronics
CUST1537,6131.57,7,3,Clothing
CUST1538,5309.76,3,3,Clothing
CUST1539,3083.76,4,2,Clothing
CUST1540,1846.99,6,3,Beauty
CUST1541,2748.46,8,3,Home & Kitchen
CUST1542,4327.47,3,2,Electronics
CUST1543,1033.63,4,3,Home & Kitchen
CUST1544,8623.43,3,5,Home & Kitchen
CUST1545,4298.86,8,5,Clothing
CUST1546,4657.21,1,4,Home & Kitchen
CUST1547,5283.47,3,5,Electronics
CUST1548,8077.69,7,1,Electronics
CUST1549,3866.93,5,1,Books
CUST1550,5519.55,9,1,Beauty
CUST1551,1874.14,5,2,Home & Kitchen
CUST1552,10480.75,4,5,Beauty
CUST1553,3675.16,5,1,Beauty
CUST1554,1865.96,7,4,Beauty
CUST1555,2308.92,3,2,Beauty
CUST1556,447.71,6,4,Electronics
CUST1557,2296.56,7,5,Home & Kitchen
CUST1558,174.6,4,3,Books
CUST1559,5801.76,4,4,Beauty
CUST1560,4556.95,4,3,Books
CUST1561,1408.09,3,2,Electronics
CUST1562,3211.65,4,4,Electronics
CUST1563,3324.04,2,4,Clothing
CUST1564,1147.81,7,2,Beauty
CUST1565,2794.74,6,2,Clothing
CUST1566,3403.24,7,1,Books
CUST1567,2734.99,5,5,Home & Kitchen
CUST1568,1864.33,4,4,Clothing
CUST1569,1358.33,5,4,Electronics
CUST1570,2658.94,4,2,Beauty
CUST1571,2065.36,7,2,Books
CUST1572,5041.07,5,5,Electronics
CUST1573,8409.14,6,2,Home & Kitchen
CUST1574,6336.05,5,3,Beauty
CUST1575,3489.68,2,3,Home & Kitchen
CUST1576,1926.43,4,3,Home & Kitchen
CUST1577,6220.12,4,3,Beauty
CUST1578,5257.01,6,5,Beauty
CUST1579,8023.03,11,4,Home & Kitchen
CUST1580,3870.01,6,3,Books
CUST1581,10124.79,8,2,Beauty
CUST1582,3870.89,5,3,Electronics
CUST1583,1918.42,3,5,Clothing
CUST1584,2233.54,5,2,Books
CUST1585,4873.73,1,3,Beauty
CUST1586,2060.63,8,4,Beauty
CUST1587,10079.25,6,2,Books
CUST1588,4591.6,4,2,Clothing
CUST1589,3432.42,7,4,Home & Kitchen
CUST1590,3652.96,1,2,Electronics
CUST1591,2711.97,7,3,Beauty
CUST1592,614.63,3,2,Clothing
CUST1593,2234.92,9,3,Electronics
CUST1594,9272.71,4,4,Books
CUST1595,3947.1,2,1,Beauty
CUST1596,6833.75,4,4,Home & Kitchen
CUST1597,6966.19,6,3,Books
CUST1598,3234.89,2,5,Beauty
CUST1599,5317.23,1,4,Clothing
CUST1600,695.01,7,5,Electronics
CUST1601,8783.9,7,5,Electronics
CUST1602,8317.3,6,3,Beauty
CUST1603,4778.54,8,3,Books
CUST1604,4052.71,7,1,Home & Kitchen
CUST1605,3267.79,5,2,Clothing
CUST1606,7370.71,6,4,Beauty
CUST1607,5749.23,6,3,Clothing
CUST1608,2482.36,7,4,Electronics
CUST1609,1197.59,6,5,Home & Kitchen
CUST1610,983.43,3,2,Clothing
CUST1611,7318.67,3,1,Beauty
CUST1612,3213.65,1,4,Home & Kitchen
CUST1613,4722.99,5,2,Books
CUST1614,3535.65,3,1,Beauty
CUST1615,996.87,9,4,Clothing
CUST1616,713.15,8,2,Home & Kitchen
CUST1617,2345.63,4,3,Beauty
CUST1618,2511.72,2,4,Home & Kitchen
CUST1619,2510.43,3,2,Home & Kitchen
CUST1620,2569.93,2,1,Home & Kitchen
CUST1621,12084.65,4,2,Clothing
CUST1622,6763.92,4,3,Beauty
CUST1623,3988.68,5,4,Electronics
CUST1624,3151.86,8,4,Electronics
CUST1625,3238.15,6,4,Clothing
CUST1626,5605.41,3,3,Clothing
CUST1627,3129.24,5,1,Home & Kitchen
CUST1628,6303.2,6,4,Beauty
CUST1629,4310.39,3,1,Beauty
CUST1630,12155.63,8,2,Books
CUST1631,2985.75,8,1,Books
CUST1632,7091.45,5,1,Electronics
CUST1633,1304.72,4,4,Books
CUST1634,1968.24,2,5,Books
CUST1635,11120.02,6,5,Electronics
CUST1636,6122.31,5,3,Electronics
CUST1637,4783.97,6,3,Books
CUST1638,14186.44,7,5,Beauty
CUST1639,3186.76,3,2,Books
CUST1640,7080.11,9,4,Home & Kitchen
CUST1641,7433.56,2,4,Home & Kitchen
CUST1642,9579.63,0,2,Home & Kitchen
CUST1643,1163.12,6,2,Clothing
CUST1644,3170.46,4,5,Home & Kitchen
CUST1645,4256.29,6,3,Beauty
CUST1646,9477.07,4,2,Clothing
CUST1647,4646.84,5,3,Clothing
CUST1648,7444.32,2,1,Home & Kitchen
CUST1649,1062.19,5,4,Books
CUST1650,2622.55,4,5,Electronics
CUST1651,8296.5,3,4,Books
CUST1652,2906.14,5,5,Books
CUST1653,3373.72,3,1,Clothing
CUST1654,9377.9,3,4,Clothing
CUST1655,1589.86,4,1,Clothing
CUST1656,1940.75,8,5,Beauty
CUST1657,951.28,5,2,Beauty
CUST1658,9624.5,4,4,Electronics
CUST1659,6679.57,4,1,Clothing
CUST1660,6565.11,4,4,Home & Kitchen
CUST1661,2563.0,4,4,Clothing
CUST1662,878.8,7,4,Beauty
CUST1663,634.23,8,3,Clothing
CUST1664,8337.18,7,1,Beauty
CUST1665,5011.62,3,1,Clothing
CUST1666,5701.94,6,4,Home & Kitchen
CUST1667,4113.35,6,2,Electronics
CUST1668,1740.99,4,4,Home & Kitchen
CUST1669,2659.88,6,3,Beauty
CUST1670,1376.91,9,5,Books
CUST1671,1218.7,6,3,Home & Kitchen
CUST1672,6311.05,4,2,Clothing
CUST1673,700.38,6,4,Electronics
CUST1674,1385.67,7,1,Clothing
CUST1675,2786.32,4,4,Clothing
CUST1676,3612.88,3,2,Home & Kitchen
CUST1677,939.09,4,1,Electronics
CUST1678,4604.88,5,3,Books
CUST1679,3945.55,3,5,Clothing
CUST1680,8241.77,5,5,Electronics
CUST1681,3659.18,3,4,Books
CUST1682,4942.11,5,3,Clothing
CUST1683,1829.48,5,2,Electronics
CUST1684,1897.97,5,5,Home & Kitchen
CUST1685,1042.73,6,3,Clothing
CUST1686,1845.25,6,4,Clothing
CUST1687,2628.3,6,1,Electronics
CUST1688,7704.36,5,4,Clothing
CUST1689,1608.23,7,4,Books
CUST1690,12506.25,3,3,Clothing
CUST1691,5252.13,5,5,Beauty
CUST1692,4519.98,7,3,Books
CUST1693,3447.74,2,1,Electronics
CUST1694,2968.0,8,3,Books
CUST1695,2091.15,4,2,Beauty
CUST1696,899.95,2,4,Beauty
CUST1697,1659.07,5,5,Clothing
CUST1698,9609.33,5,1,Clothing
CUST1699,5028.84,4,4,Home & Kitchen
CUST1700,9553.37,6,3,Books
CUST1701,2045.72,8,2,Home & Kitchen
CUST1702,1339.77,4,3,Beauty
CUST1703,3422.11,3,4,Clothing
CUST1704,1714.32,6,1,Clothing
CUST1705,3974.14,4,5,Clothing
CUST1706,713.79,2,4,Electronics
CUST1707,380.8,3,1,Beauty
CUST1708,4395.43,1,4,Clothing
CUST1709,9785.37,9,2,Beauty
CUST1710,4536.51,5,3,Clothing
CUST1711,4992.73,3,5,Books
CUST1712,3533.45,4,1,Beauty
CUST1713,3790.02,3,5,Home & Kitchen
CUST1714,853.41,4,5,Electronics
CUST1715,1772.04,6,5,Home & Kitchen
CUST1716,7651.9,4,1,Beauty
CUST1717,2581.3,2,1,Clothing
CUST1718,7549.04,6,5,Beauty
CUST1719,3712.8,3,3,Electronics
CUST1720,3854.2,6,4,Beauty
CUST1721,2597.21,2,5,Clothing
CUST1722,5516.31,8,2,Home & Kitchen
CUST1723,6463.96,3,5,Books
CUST1724,1687.91,6,1,Home & Kitchen
CUST1725,942.19,4,4,Clothing
CUST1726,484.81,5,2,Clothing
CUST1727,4824.52,6,4,Electronics
CUST1728,4440.67,1,4,Beauty
CUST1729,14802.61,5,2,Beauty
CUST1730,3549.11,7,5,Home & Kitchen
CUST1731,3084.47,6,5,Books
CUST1732,4072.5,6,5,Books
CUST1733,4234.86,7,3,Electronics
CUST1734,2901.69,4,5,Clothing
CUST1735,1738.01,3,2,Electronics
CUST1736,3406.63,8,3,Beauty
CUST1737,3309.84,4,5,Clothing
CUST1738,3269.13,5,3,Electronics
CUST1739,5922.0,5,2,Home & Kitchen
CUST1740,3360.14,3,5,Beauty
CUST1741,963.93,9,1,Books
CUST1742,1994.26,8,2,Electronics
CUST1743,2873.51,6,4,Beauty
CUST1744,3481.75,3,4,Beauty
CUST1745,4896.57,5,2,Books
CUST1746,3502.59,5,4,Books
CUST1747,392.01,5,2,Books
CUST1748,1083.92,3,1,Electronics
CUST1749,5134.67,7,2,Books
CUST1750,2812.04,3,5,Home & Kitchen
CUST1751,3732.11,0,5,Beauty
CUST1752,2536.53,6,3,Books
CUST1753,1987.13,6,4,Beauty
CUST1754,2611.76,4,4,Clothing
CUST1755,3765.36,5,2,Clothing
CUST1756,3341.2,9,4,Books
CUST1757,6435.3,5,5,Beauty
CUST1758,781.43,4,1,Clothing
CUST1759,903.11,3,2,Books
CUST1760,2786.02,6,4,Beauty
CUST1761,4935.95,2,5,Books
CUST1762,5702.78,6,3,Beauty
CUST1763,2055.37,6,4,Clothing
CUST1764,120.88,6,1,Books
CUST1765,2112.51,5,1,Clothing
CUST1766,4450.76,3,4,Books
CUST1767,3293.96,4,4,Electronics
CUST1768,5063.93,4,5,Clothing
CUST1769,7475.69,5,4,Clothing
CUST1770,2940.54,4,3,Home & Kitchen
CUST1771,2314.79,4,5,Clothing
CUST1772,1530.95,5,2,Beauty
CUST1773,897.69,5,3,Books
CUST1774,661.81,5,5,Electronics
CUST1775,1887.05,7,5,Beauty
CUST1776,6803.81,3,1,Beauty
CUST1777,5408.0,2,5,Beauty
CUST1778,2225.59,4,3,Beauty
CUST1779,12582.21,4,4,Electronics
CUST1780,2001.23,6,3,Home & Kitchen
CUST1781,7950.67,3,2,Clothing
CUST1782,9209.15,5,5,Beauty
CUST1783,4667.61,5,5,Clothing
CUST1784,1871.82,5,5,Clothing
CUST1785,2476.25,5,5,Beauty
CUST1786,3833.28,3,1,Home & Kitchen
CUST1787,924.63,10,1,Clothing
CUST1788,1401.36,5,4,Books
CUST1789,1295.07,4,5,Clothing
CUST1790,4919.83,4,2,Beauty
CUST1791,7427.72,7,4,Electronics
CUST1792,5555.58,3,5,Clothing
CUST1793,6623.22,6,1,Home & Kitchen
CUST1794,1736.25,2,2,Books
CUST1795,2567.66,4,4,Books
CUST1796,2726.72,4,2,Electronics
CUST1797,4654.42,4,5,Electronics
CUST1798,1932.56,8,3,Clothing
CUST1799,6348.76,5,2,Beauty
CUST1800,9042.18,8,2,Home & Kitchen
CUST1801,4824.01,5,1,Books
CUST1802,2477.03,7,5,Electronics
CUST1803,1602.11,8,2,Home & Kitchen
CUST1804,1297.96,3,5,Beauty
CUST1805,397.68,4,1,Books
CUST1806,2794.07,6,5,Books
CUST1807,2668.47,4,1,Beauty
CUST1808,6085.23,4,1,Books
CUST1809,2043.11,6,4,Beauty
CUST1810,2920.18,2,5,Books
CUST1811,4117.48,4,3,Clothing
CUST1812,4768.52,2,4,Beauty
CUST1813,5613.58,8,1,Home & Kitchen
CUST1814,3822.92,7,3,Clothing
CUST1815,980.97,2,2,Home & Kitchen
CUST1816,4475.49,5,2,Books
CUST1817,1918.52,6,4,Home & Kitchen
CUST1818,7661.74,7,3,Clothing
CUST1819,3388.56,7,5,Beauty
CUST1820,3994.4,7,3,Electronics
CUST1821,15573.78,6,4,Home & Kitchen
CUST1822,5681.33,5,5,Electronics
CUST1823,4417.51,5,5,Home & Kitchen
CUST1824,2988.47,8,2,Home & Kitchen
CUST1825,1066.19,7,3,Beauty
CUST1826,2822.24,4,5,Books
CUST1827,1584.25,5,4,Clothing
CUST1828,9771.25,8,2,Clothing
CUST1829,4459.74,5,5,Clothing
CUST1830,7475.96,2,3,Books
CUST1831,1993.76,3,2,Electronics
CUST1832,1689.7,7,3,Clothing
CUST1833,5303.0,3,3,Electronics
CUST1834,1526.82,8,3,Books
CUST1835,2326.6,1,2,Books
CUST1836,10076.13,5,5,Beauty
CUST1837,2404.29,3,1,Clothing
CUST1838,848.58,5,5,Beauty
CUST1839,540.67,5,2,Clothing
CUST1840,742.1,2,1,Books
CUST1841,7771.54,7,1,Books
CUST1842,2101.83,2,1,Home & Kitchen
CUST1843,15262.1,4,4,Home & Kitchen
CUST1844,9110.87,5,2,Books
CUST1845,11659.21,4,4,Books
CUST1846,6738.21,4,1,Electronics
CUST1847,5109.23,5,4,Electronics
CUST1848,1635.62,4,4,Beauty
CUST1849,3324.63,4,2,Home & Kitchen
CUST1850,5474.08,5,3,Home & Kitchen
CUST1851,6458.35,7,4,Books
CUST1852,1169.09,6,4,Books
CUST1853,2857.89,6,1,Beauty
CUST1854,3124.38,8,1,Home & Kitchen
CUST1855,3028.76,5,1,Electronics
CUST1856,1326.56,2,5,Clothing
CUST1857,10778.06,4,4,Beauty
CUST1858,2782.08,6,1,Clothing
CUST1859,1419.08,3,2,Electronics
CUST1860,10951.14,3,5,Electronics
CUST1861,9116.59,5,3,Clothing
CUST1862,3710.49,5,4,Beauty
CUST1863,2269.02,6,4,Clothing
CUST1864,678.52,2,2,Beauty
CUST1865,4843.07,6,3,Beauty
CUST1866,2138.41,4,3,Books
CUST1867,3262.79,3,5,Home & Kitchen
CUST1868,10322.57,4,4,Home & Kitchen
CUST1869,2007.67,2,1,Electronics
CUST1870,4696.11,6,2,Books
CUST1871,5728.39,8,2,Home & Kitchen
CUST1872,7610.81,5,2,Beauty
CUST1873,3081.37,6,2,Beauty
CUST1874,2834.62,5,1,Clothing
CUST1875,2782.1,5,1,Clothing
CUST1876,4374.68,6,5,Beauty
CUST1877,8863.68,4,4,Beauty
CUST1878,2681.16,4,1,Clothing
CUST1879,174.47,5,5,Home & Kitchen
CUST1880,6176.6,5,3,Electronics
CUST1881,3509.31,4,4,Clothing
CUST1882,4850.83,4,1,Home & Kitchen
CUST1883,707.66,7,3,Home & Kitchen
CUST1884,2145.43,5,5,Home & Kitchen
CUST1885,5833.44,4,1,Books
CUST1886,1030.38,3,1,Books
CUST1887,4688.51,9,3,Home & Kitchen
CUST1888,3242.15,6,1,Beauty
CUST1889,1773.63,6,2,Books
CUST1890,1648.42,4,1,Clothing
CUST1891,1338.28,7,4,Books
CUST1892,3495.14,6,3,Beauty
CUST1893,3809.97,6,4,Electronics
CUST1894,2472.64,2,5,Books
CUST1895,1260.69,6,4,Home & Kitchen
CUST1896,4592.36,4,2,Home & Kitchen
CUST1897,6254.39,7,2,Home & Kitchen
CUST1898,5201.17,8,4,Electronics
CUST1899,11967.71,6,5,Beauty
CUST1900,2883.05,3,1,Clothing
CUST1901,8292.56,4,2,Beauty
CUST1902,1928.18,5,4,Electronics
CUST1903,1666.35,3,4,Home & Kitchen
CUST1904,3660.2,5,4,Beauty
CUST1905,9534.02,8,1,Clothing
CUST1906,2635.22,8,3,Home & Kitchen
CUST1907,707.07,5,5,Clothing
CUST1908,6172.95,5,3,Books
CUST1909,3136.37,8,5,Clothing
CUST1910,4165.74,5,5,Home & Kitchen
CUST1911,1744.63,4,4,Books
CUST1912,3634.43,3,2,Home & Kitchen
CUST1913,828.1,7,4,Home & Kitchen
CUST1914,10886.86,4,1,Books
CUST1915,6971.96,4,5,Clothing
CUST1916,3511.62,5,2,Electronics
CUST1917,6055.58,3,5,Electronics
CUST1918,1932.51,5,5,Electronics
CUST1919,6762.58,4,4,Electronics
CUST1920,2541.51,6,2,Beauty
CUST1921,2395.97,5,2,Electronics
CUST1922,1425.4,5,5,Books
CUST1923,4551.05,2,2,Electronics
CUST1924,3396.26,5,2,Home & Kitchen
CUST1925,8470.85,3,4,Electronics
CUST1926,1273.9,3,3,Clothing
CUST1927,4566.02,5,1,Books
CUST1928,7435.13,4,3,Books
CUST1929,3860.84,3,2,Beauty
CUST1930,2502.09,4,5,Home & Kitchen
CUST1931,3787.49,2,1,Books
CUST1932,8023.98,6,1,Clothing
CUST1933,8021.74,7,5,Electronics
CUST1934,3037.68,3,1,Books
CUST1935,7928.81,5,5,Clothing
CUST1936,3274.64,4,1,Electronics
CUST1937,6008.98,6,3,Beauty
CUST1938,4953.65,6,1,Books
CUST1939,2420.68,2,4,Books
CUST1940,1473.88,2,5,Clothing
CUST1941,7567.14,5,1,Home & Kitchen
CUST1942,9006.31,2,5,Beauty
CUST1943,4488.2,7,4,Home & Kitchen
CUST1944,3271.25,4,1,Books
CUST1945,1121.78,5,1,Home & Kitchen
CUST1946,7436.42,7,4,Electronics
CUST1947,4119.59,5,4,Beauty
CUST1948,2708.54,7,4,Home & Kitchen
CUST1949,6127.07,1,5,Electronics
CUST1950,925.89,3,4,Clothing
CUST1951,1360.16,4,5,Home & Kitchen
CUST1952,1871.77,9,3,Beauty
CUST1953,4844.09,4,1,Electronics
CUST1954,3818.84,5,1,Home & Kitchen
CUST1955,5255.43,6,2,Clothing
CUST1956,7097.93,6,3,Home & Kitchen
CUST1957,5388.94,3,4,Electronics
CUST1958,11038.65,3,4,Home & Kitchen
CUST1959,7086.74,5,3,Beauty
CUST1960,3032.07,7,4,Books
CUST1961,2133.37,6,2,Electronics
CUST1962,3105.0,6,5,Electronics
CUST1963,5521.17,4,1,Electronics
CUST1964,2330.61,7,3,Electronics
CUST1965,5627.97,4,1,Home & Kitchen
CUST1966,5188.03,8,5,Beauty
CUST1967,1454.44,5,3,Clothing
CUST1968,6997.05,5,5,Beauty
CUST1969,4374.44,4,4,Electronics
CUST1970,10688.49,5,4,Home & Kitchen
CUST1971,3283.44,2,4,Home & Kitchen
CUST1972,2610.21,3,5,Electronics
CUST1973,1285.78,7,5,Home & Kitchen
CUST1974,1266.56,5,5,Electronics
CUST1975,6438.32,6,1,Beauty
CUST1976,9988.13,7,5,Books
CUST1977,3070.85,2,4,Home & Kitchen
CUST1978,2916.16,7,2,Electronics
CUST1979,3517.5,5,5,Electronics
CUST1980,7323.26,5,2,Home & Kitchen
CUST1981,1466.48,7,4,Clothing
CUST1982,3987.46,6,5,Electronics
CUST1983,6538.5,5,1,Home & Kitchen
CUST1984,4801.77,0,1,Electronics
CUST1985,91.84,7,2,Clothing
CUST1986,5407.82,5,1,Books
CUST1987,4835.14,5,1,Clothing
CUST1988,8286.79,6,1,Beauty
CUST1989,9469.65,8,4,Home & Kitchen
CUST1990,8011.54,4,1,Clothing
CUST1991,3531.92,6,3,Books
CUST1992,672.05,4,5,Electronics
CUST1993,2899.51,1,1,Home & Kitchen
CUST1994,3447.19,3,1,Clothing
CUST1995,9904.84,4,1,Books
CUST1996,1760.31,5,3,Clothing
CUST1997,954.72,4,1,Beauty
CUST1998,2343.21,5,1,Home & Kitchen
CUST1999,1846.09,2,5,Electronics
